{
  "accuracy": 0.6,
  "roc_auc": 0.56,
  "training_time": 2.9067020416259766,
  "train_samples": 80,
  "test_samples": 20,
  "total_time": 10.675713062286377
}