{
  "accuracy": 0.35,
  "roc_auc": 0.48,
  "training_time": 57.6373770236969,
  "train_samples": 80,
  "test_samples": 20,
  "total_time": 73.4550530910492
}