{
  "delta_mean": 0.4066359756000799,
  "delta_std": 0.3054290202538995
}