{
  "spearman": {
    "perm_shap": 0.13514437395796153,
    "perm_lime": 0.709356801207495,
    "perm_ens": 0.13591541144470254,
    "shap_lime": 0.4083156953834165,
    "shap_ens": 0.9995101027885325,
    "lime_ens": 0.41344155728913723
  }
}