{
  "fractions": [
    0.01,
    0.02,
    0.05,
    0.1,
    0.2,
    0.3,
    0.5
  ],
  "baseline_auc": 0.79,
  "roar_auc": [
    0.69,
    0.6699999999999999,
    0.7000000000000001,
    0.55,
    0.47,
    0.485,
    0.6050000000000001
  ],
  "kar_auc": [
    0.775,
    0.85,
    0.81,
    0.79,
    0.79,
    0.79,
    0.79
  ],
  "ranking": "ensemble_mean_abs"
}