{
  "jaccard_mean": 0.362037962037962,
  "jaccard_std": 0.2688697562341651
}